,day,best_agent_profit,day_best_agent_profit
0,0,113722.65629386902,113722.65629386902
1,1,113722.65629386902,113165.5168056488
2,2,113722.65629386902,113165.5168056488
3,3,113722.65629386902,112929.68281555176
4,4,115548.03580474854,115548.03580474854
5,5,115548.03580474854,114723.14667701721
6,6,115548.03580474854,114723.14667701721
7,7,115548.03580474854,114723.14667701721
8,8,115548.03580474854,112787.57061576843
9,9,115548.03580474854,112832.67003440857
